「いつでも転職できる」を武器にする　市場価値に左右されない「自分軸」の作り方	https://read.amazon.co.jp/?asin=B07R3V1HR3
「違うこと」をしないこと	https://read.amazon.co.jp/?asin=B09L7GYX7Y
「好き」を言語化する技術 推しの素晴らしさを語りたいのに「やばい！」しかでてこない	https://read.amazon.co.jp/?asin=B0D9NBSMQH
「大人のＡＤＨＤ」のための段取り力	https://read.amazon.co.jp/?asin=B072HW4GBS
「壇蜜」（１）	https://read.amazon.co.jp/?asin=B0FH9LHWM5
「壇蜜」（２）	https://read.amazon.co.jp/?asin=B0GFHJ3MSC
「働けない」をとことん考えてみた。	https://read.amazon.co.jp/?asin=B0DWWLSRHT
「普通」ってなんなのかな　自閉症の僕が案内するこの世界の歩き方	https://read.amazon.co.jp/?asin=B0BSN7RGP2
「無理」の構造　この世の理不尽さを可視化する	https://read.amazon.co.jp/?asin=B08G447TLW
「面白い！」を見つける　――物事の見え方が変わる発想法	https://read.amazon.co.jp/?asin=B0FZX5HQJ2
「話が面白い人」は何をどう読んでいるのか（新潮新書）	https://read.amazon.co.jp/?asin=B0FMDBV369
<新版>日本語の作文技術	https://read.amazon.co.jp/?asin=B01MYXH4J1
0メートルの旅――日常を引き剥がす16の物語	https://read.amazon.co.jp/?asin=B08KQ75MYQ
14歳でごめんなさい	https://www.amazon.co.jp/dp/4789724018
25年、フリーランスで食べてます　隙間産業で生きていく	https://read.amazon.co.jp/?asin=B0G37K1192
35歳の哲学者、遺伝性がんを生きる　それでも子どもを望むということ	https://read.amazon.co.jp/?asin=B0F622Y297
５コマ漫画まとめ18 伊東のオリジナル漫画	https://read.amazon.co.jp/?asin=B0DJ8449MY
ＡＣＥサバイバー　──子ども期の逆境に苦しむ人々	https://read.amazon.co.jp/?asin=B0C4TCRCCW
BARレモン・ハート ： 1	https://read.amazon.co.jp/?asin=B00C0SEQHI
BARレモン・ハート ： 10	https://read.amazon.co.jp/?asin=B00C0SERFY
BARレモン・ハート ： 11	https://read.amazon.co.jp/?asin=B00C0SEROU
BARレモン・ハート ： 12	https://read.amazon.co.jp/?asin=B00C0SERPO
BARレモン・ハート ： 13	https://read.amazon.co.jp/?asin=B00C0SES0S
BARレモン・ハート ： 14	https://read.amazon.co.jp/?asin=B00C0SES2G
BARレモン・ハート ： 15	https://read.amazon.co.jp/?asin=B00C0SES7G
BARレモン・ハート ： 16	https://read.amazon.co.jp/?asin=B00C0SES94
BARレモン・ハート ： 17	https://read.amazon.co.jp/?asin=B00C0SESD0
BARレモン・ハート ： 18	https://read.amazon.co.jp/?asin=B00C0SESPS
BARレモン・ハート ： 19	https://read.amazon.co.jp/?asin=B00C0SESS0
BARレモン・ハート ： 2	https://read.amazon.co.jp/?asin=B00C0SEQPK
BARレモン・ハート ： 20	https://read.amazon.co.jp/?asin=B00C0SESV2
BARレモン・ハート ： 3	https://read.amazon.co.jp/?asin=B00C0SEQPU
BARレモン・ハート ： 4	https://read.amazon.co.jp/?asin=B00C0SEQP0
BARレモン・ハート ： 5	https://read.amazon.co.jp/?asin=B00C0SEQQ4
BARレモン・ハート ： 6	https://read.amazon.co.jp/?asin=B00C0SEQZK
BARレモン・ハート ： 7	https://read.amazon.co.jp/?asin=B00C0SERCM
BARレモン・ハート ： 8	https://read.amazon.co.jp/?asin=B00C0SEREU
BARレモン・ハート ： 9	https://read.amazon.co.jp/?asin=B00C0SERFE
Ｃｈａｔｔｅｒ（チャッター）―「頭の中のひとりごと」をコントロールし、最良の行動を導くための２６の方法	https://read.amazon.co.jp/?asin=B0BFHJV5ZP
Excentrics Gofun Bunko	https://read.amazon.co.jp/?asin=B0GNZVLLTZ
GENDAIGAMEZENSI BUNMEINOYUGISIKANKARA	https://read.amazon.co.jp/?asin=B01KVOPB58
Hyperobjects: Philosophy and Ecology after the End of the World	https://read.amazon.co.jp/?asin=B0GPVLR5LF
Inaka kyoshi	https://read.amazon.co.jp/?asin=B009IY7LM4
Jissai izen ni yonda hon --meiji yonjugonen rokugatsu "shonen sekai" no tame ni--	https://read.amazon.co.jp/?asin=B009LRITK6
Kokoro	https://read.amazon.co.jp/?asin=B009IXKPVY
Kusamakura	https://read.amazon.co.jp/?asin=B009IXKOFQ
LISTEN――知性豊かで創造力がある人になれる	https://read.amazon.co.jp/?asin=B099582LR7
NHKにようこそ！(2)	https://read.amazon.co.jp/?asin=B0093G7X8E
NHKにようこそ！(3)	https://read.amazon.co.jp/?asin=B0093G85IQ
NHKにようこそ！(4)	https://read.amazon.co.jp/?asin=B0093G8FMM
NHKにようこそ！(5)	https://read.amazon.co.jp/?asin=B0093G8FSQ
NHKにようこそ！(6)	https://read.amazon.co.jp/?asin=B0093G8FZ4
NHKにようこそ！(7)	https://read.amazon.co.jp/?asin=B0093G8N0G
NHKにようこそ！(8)	https://read.amazon.co.jp/?asin=B0093G8Z6S
Nukaka No Kekkon	https://read.amazon.co.jp/?asin=B00CES6M5S
RIOT（１）	https://read.amazon.co.jp/?asin=B0DM8D567V
RIOT（２）	https://read.amazon.co.jp/?asin=B0F48DMPW7
RIOT（３）	https://read.amazon.co.jp/?asin=B0FV5MY2NK
SOFT SKILLS ソフトウェア開発者の人生マニュアル 第2版	https://read.amazon.co.jp/?asin=B09S3J33NR
SOUDAN NO MORI	https://read.amazon.co.jp/?asin=B08R5C8FSJ
STOP HIBARIKUN COMPLETE EDITION	https://read.amazon.co.jp/?asin=B01IECESWG
STOP HIBARIKUN COMPLETE EDITION	https://read.amazon.co.jp/?asin=B01IEGMHY8
SUSUME PIRATES	https://read.amazon.co.jp/?asin=B01IMJI868
SUSUME PIRATES	https://read.amazon.co.jp/?asin=B01IOHIVBU
SUSUME PIRATES	https://read.amazon.co.jp/?asin=B01IQN1YOS
SUSUME PIRATES	https://read.amazon.co.jp/?asin=B01IQNSRA2
SUSUME PIRATES	https://read.amazon.co.jp/?asin=B01IR36IOS
SUSUME PIRATES	https://read.amazon.co.jp/?asin=B01IR3XCL0
SUSUME PIRATES	https://read.amazon.co.jp/?asin=B01ISIRQ8E
SUSUME PIRATES	https://read.amazon.co.jp/?asin=B01ISJARTI
The Cult of the Amateur: How blogs, MySpace, YouTube and the rest of today's user-generated media are killing our culture and economy	https://read.amazon.co.jp/?asin=B01HPVHG30
TIME OFF 働き方に“生産性”と“創造性”を取り戻す戦略的休息術	https://read.amazon.co.jp/?asin=B0BZCNGB2X
Transformative Experience	https://read.amazon.co.jp/?asin=B00NHNGXBC
アイデア大全	https://read.amazon.co.jp/?asin=B06XFPYZ8P
あそこではたらくムスブさん（１）	https://read.amazon.co.jp/?asin=B07HP1MJGG
あそこではたらくムスブさん（２）	https://read.amazon.co.jp/?asin=B07ZNZ1NPX
あそこではたらくムスブさん（３）	https://read.amazon.co.jp/?asin=B08P5K4H7X
あそこではたらくムスブさん（４）	https://read.amazon.co.jp/?asin=B09M6CJ3Z9
あそこではたらくムスブさん（５）	https://read.amazon.co.jp/?asin=B0BNBRY579
あそこではたらくムスブさん（６）	https://read.amazon.co.jp/?asin=B0CNRGF66L
あそこではたらくムスブさん（７）	https://read.amazon.co.jp/?asin=B0DTPD3TH3
あたらしいあたりまえ。	https://read.amazon.co.jp/?asin=B00D8TBQ76
あっという間に人は死ぬから　「時間を食べつくすモンスター」の正体と倒し方	https://read.amazon.co.jp/?asin=B0D9B55P6B
あなたのまわりのあぶない人たち : 自分を守る心理マニュアル	https://www.amazon.co.jp/dp/4479771115
あなたはなぜ雑談が苦手なのか（新潮新書）	https://read.amazon.co.jp/?asin=B0FWB1QH3N
イザベラ・バードの日本紀行　合本版	https://read.amazon.co.jp/?asin=B00NOTKTIW
イシューからはじめよ［改訂版］――知的生産の「シンプルな本質」	https://read.amazon.co.jp/?asin=B0DCGDMCVD
いつもの言葉を哲学する	https://read.amazon.co.jp/?asin=B09NBL5ZC3
ウォークス　歩くことの精神史	https://read.amazon.co.jp/?asin=B089VJ26FW
うたうおばけ	https://read.amazon.co.jp/?asin=B0CK1M82JS
エネルギー400年史：薪から石炭、石油、原子力、再生可能エネルギーまで	https://read.amazon.co.jp/?asin=B083ZDMHKH
おとなの自閉スペクトラム	https://read.amazon.co.jp/?asin=B0BP1359XZ
おまもり	https://read.amazon.co.jp/?asin=B0CRYTX1LS
オンネリとアンネリのおうち	https://www.amazon.co.jp/dp/4834081915
お金信仰さようなら	https://read.amazon.co.jp/?asin=B0GJBLG4G1
からだの事典	https://www.amazon.co.jp/dp/4860291026
キャリア・ウェルネス「成功者を目指す」から「健やかに働き続ける」への転換	https://read.amazon.co.jp/?asin=B09LCZV9TL
クソッタレな俺をマシにするための生活革命	https://read.amazon.co.jp/?asin=B0DMZY5DTK
くよくよマネジメント	https://read.amazon.co.jp/?asin=B076D6B8NB
ぐるりのこと	https://www.amazon.co.jp/dp/4104299049
ケアしケアされ、生きていく	https://read.amazon.co.jp/?asin=B0CKHN8W91
コーチングの神様が教える　「できる人」の法則	https://read.amazon.co.jp/?asin=B0CTQFM47D
コーヒーの科学　「おいしさ」はどこで生まれるのか	https://read.amazon.co.jp/?asin=B01C3P4G8G
これからどうする－未来のつくり方	https://read.amazon.co.jp/?asin=B00RF1QAYW
サードドア―精神的資産のふやし方	https://read.amazon.co.jp/?asin=B07VN4XBWL
しあわせは食べて寝て待て　1	https://read.amazon.co.jp/?asin=B08ZS42Z99
しあわせは食べて寝て待て　2	https://read.amazon.co.jp/?asin=B09KLLL7G6
しあわせは食べて寝て待て　3	https://read.amazon.co.jp/?asin=B0BFHL5F19
しあわせは食べて寝て待て　4	https://read.amazon.co.jp/?asin=B0CF52J8QR
しあわせは食べて寝て待て　5	https://read.amazon.co.jp/?asin=B0DGQ5QC7L
しあわせは食べて寝て待て　6	https://read.amazon.co.jp/?asin=B0FH1RPQG9
シャドウワーク・ジャーナル "本当のあなた"になるためのガイド	https://read.amazon.co.jp/?asin=B0D4XFZXWT
ショットとは何か	https://read.amazon.co.jp/?asin=B09Y5HSGJK
ショットとは何か　実践編	https://read.amazon.co.jp/?asin=B0CW1GSPYQ
ショットとは何か　歴史編	https://read.amazon.co.jp/?asin=B0DCGH5B7M
ずっと幸せなら本なんて読まなかった　人生の悩み・苦しみに効く名作33	https://read.amazon.co.jp/?asin=B0DHCKXXS8
スノードーム	https://read.amazon.co.jp/?asin=B0FJRH1PQX
すべての雑貨	https://read.amazon.co.jp/?asin=B0CJBKGRFP
すべてはモテるためである	https://read.amazon.co.jp/?asin=B09S3NGFH3
すべてやめれば、うまくいく 自分の時間を取り戻すための最高の習慣	https://read.amazon.co.jp/?asin=B0F59WWW63
センスの哲学	https://read.amazon.co.jp/?asin=B0CW1FMS9B
それから（新潮文庫）	https://read.amazon.co.jp/?asin=B0D2TB99NK
ダイブ・イン・シアター	https://read.amazon.co.jp/?asin=B0DPHJY6NK
チ。―地球の運動について―（１）	https://read.amazon.co.jp/?asin=B08P5GG18C
ちくま　2025年８月号（No.653）	https://read.amazon.co.jp/?asin=B0FKG254D5
ちくま新書・ちくまプリマー新書　解説目録2025	https://read.amazon.co.jp/?asin=B0F4X54Q68
ちくま文庫・ちくま学芸文庫　解説目録2025	https://read.amazon.co.jp/?asin=B0F4WB4FZK
チチカカコヘ「教養と生きよう」フェア小冊子	https://read.amazon.co.jp/?asin=B08S6X2F4C
ちびまる子ちゃん 1	https://read.amazon.co.jp/?asin=B00EZ1B2K2
ちびまる子ちゃん 10	https://read.amazon.co.jp/?asin=B00EZ1B2P2
ちびまる子ちゃん 11	https://read.amazon.co.jp/?asin=B00EZ1B2XE
ちびまる子ちゃん 12	https://read.amazon.co.jp/?asin=B00EZ1B2Z2
ちびまる子ちゃん 13	https://read.amazon.co.jp/?asin=B00EZ1B324
ちびまる子ちゃん 14	https://read.amazon.co.jp/?asin=B00EZ1B39C
ちびまる子ちゃん 15	https://read.amazon.co.jp/?asin=B00EZ1B4JG
ちびまる子ちゃん 16	https://read.amazon.co.jp/?asin=B00EZ1B4KU
ちびまる子ちゃん 17	https://read.amazon.co.jp/?asin=B07KS35439
ちびまる子ちゃん 18	https://read.amazon.co.jp/?asin=B0BGL1M9CT
ちびまる子ちゃん 2	https://read.amazon.co.jp/?asin=B00EZ1B2FM
ちびまる子ちゃん 3	https://read.amazon.co.jp/?asin=B00EZ1B2FC
ちびまる子ちゃん 4	https://read.amazon.co.jp/?asin=B00EZ1B2PM
ちびまる子ちゃん 5	https://read.amazon.co.jp/?asin=B00EZ1B2GG
ちびまる子ちゃん 6	https://read.amazon.co.jp/?asin=B00EZ1B2IO
ちびまる子ちゃん 7	https://read.amazon.co.jp/?asin=B00EZ1B2IE
ちびまる子ちゃん 8	https://read.amazon.co.jp/?asin=B00EZ1B2JS
ちびまる子ちゃん 9	https://read.amazon.co.jp/?asin=B00EZ1B2MK
ちょっとしたことでうまくいく 発達障害の人が上手に体調管理するための本	https://read.amazon.co.jp/?asin=B0DGWWLPSD
ちょっとしたことでうまくいく 発達障害の人が上手に働くための本	https://read.amazon.co.jp/?asin=B072FHNZTM
つくもごみ	https://read.amazon.co.jp/?asin=B0FDPLPCNF
トランジション ――人生の転機を活かすために フェニックスシリーズ	https://read.amazon.co.jp/?asin=B00ISHH7P8
トレイルズ 「道」と歩くことの哲学	https://read.amazon.co.jp/?asin=B07WMSBMGW
なぜ働いていると本が読めなくなるのか	https://read.amazon.co.jp/?asin=B0CWYZ7PFB
なめらかな社会とその敵　──PICSY・分人民主主義・構成的社会契約論	https://read.amazon.co.jp/?asin=B0BCVBZMNP
なんでも見つかる夜に、こころだけが見つからない	https://read.amazon.co.jp/?asin=B09TKKS3QT
ニンジャスレイヤー(1) ～マシン・オブ・ヴェンジェンス～	https://read.amazon.co.jp/?asin=B00HA7D0O4
ニンジャスレイヤー(10) ～ゲイシャ・カラテ・シンカンセン・アンド・ヘル(ニ)～	https://read.amazon.co.jp/?asin=B01MXS1DC7
ニンジャスレイヤー(11) ～フィスト・フィルド・ウィズ・リグレット・アンド・オハギ～	https://read.amazon.co.jp/?asin=B01N47Q830
ニンジャスレイヤー(12) ～ストレンジャー・ストレンジャー・ザン・フィクション～	https://read.amazon.co.jp/?asin=B07123SG61
ニンジャスレイヤー(13) ～ネオサイタマ・イン・フレイム（イチ）～	https://read.amazon.co.jp/?asin=B079DHWRDX
ニンジャスレイヤー(14) ～ネオサイタマ・イン・フレイム（ニ）～	https://read.amazon.co.jp/?asin=B079DHWV1T
ニンジャスレイヤー(2) ～ラスト・ガール・スタンディング(イチ)～	https://read.amazon.co.jp/?asin=B00K2MEE9Y
ニンジャスレイヤー(3) ～ラスト・ガール・スタンディング(ニ)～	https://read.amazon.co.jp/?asin=B00P23YH5E
ニンジャスレイヤー(4) ～アトロシティ・イン・ネオサイタマシティ～	https://read.amazon.co.jp/?asin=B00VLOHTG2
ニンジャスレイヤー(5) ～ワン・ミニット・ビフォア・ザ・タヌキ～	https://read.amazon.co.jp/?asin=B0113HTNHY
ニンジャスレイヤー(6) ～スリー・ダーティー・ニンジャボンド～	https://read.amazon.co.jp/?asin=B018V21LMO
ニンジャスレイヤー(7) ～メナス・オブ・ダークニンジャ～	https://read.amazon.co.jp/?asin=B01DOVIQX4
ニンジャスレイヤー(8) ～メリー・クリスマス・ネオサイタマ～	https://read.amazon.co.jp/?asin=B01HYTX7DQ
ニンジャスレイヤー(9) ～ゲイシャ・カラテ・シンカンセン・アンド・ヘル(イチ)～	https://read.amazon.co.jp/?asin=B01LQ9M9UW
ハーフリアル: 虚実のあいだのビデオゲーム	https://read.amazon.co.jp/?asin=B074M8LFY7
はたらくってなんだ? : 働くこころの根っこをつくる哲学授業	https://www.amazon.co.jp/dp/4800592321
ハマれないまま、生きてます: こどもとおとなのあいだ シリーズ「あいだで考える」	https://read.amazon.co.jp/?asin=B0D47ZB5TF
ビブリア古書堂の事件手帖(1)	https://read.amazon.co.jp/?asin=B00BAPP14Y
ビブリア古書堂の事件手帖(2)	https://read.amazon.co.jp/?asin=B00BAPP16W
ビブリア古書堂の事件手帖(3)	https://read.amazon.co.jp/?asin=B00EETP2CE
ビブリア古書堂の事件手帖(4)	https://read.amazon.co.jp/?asin=B00IFWA6D6
ビブリア古書堂の事件手帖(5)	https://read.amazon.co.jp/?asin=B00J4KDWAW
ビブリア古書堂の事件手帖(6)	https://read.amazon.co.jp/?asin=B00NPOEUT0
ひらやすみ（１）	https://read.amazon.co.jp/?asin=B09DG3MH93
ピンヒールははかない	https://read.amazon.co.jp/?asin=B0721SK44H
フィンランド語は猫の言葉	https://read.amazon.co.jp/?asin=B07QMV9F96
フジ子・ヘミング耳の中の記憶	https://www.amazon.co.jp/dp/4093875014
ぷらっぷらある記	https://read.amazon.co.jp/?asin=B00RWWPJYQ
ブロッコリー・レボリューション（新潮文庫）	https://read.amazon.co.jp/?asin=B0DR9V9Y45
ブンバップ	https://read.amazon.co.jp/?asin=B0D69XVWJT
ベルリンうわの空	https://read.amazon.co.jp/?asin=B0834YP1VC
ベルリンうわの空 ウンターグルンド	https://read.amazon.co.jp/?asin=B08K8L5GTW
ベルリンうわの空 ランゲシュランゲ	https://read.amazon.co.jp/?asin=B09JWN2LTQ
ボッコちゃん（新潮文庫）	https://read.amazon.co.jp/?asin=B00BIXNJOW
ポトスライムの舟	https://read.amazon.co.jp/?asin=B0DHV6X5WX
ボルヘス怪奇譚集	https://read.amazon.co.jp/?asin=B07D4DGX7D
ほんとうのことを書く練習: 「わたしの言葉」で他者とつながる文章術	https://read.amazon.co.jp/?asin=B0GGHDZKK8
まるごと 腐女子のつづ井さん	https://read.amazon.co.jp/?asin=B085VRWWYT
モノのはじまりを知る事典 : 生活用品と暮らしの歴史	https://www.amazon.co.jp/dp/4642083685
ヤギ君の絵日記①: 無職の巻	https://read.amazon.co.jp/?asin=B0CCYJ3KY8
ヤバい経済学〔増補改訂版〕―悪ガキ教授が世の裏側を探検する	https://read.amazon.co.jp/?asin=B00LF3TU98
やりなおし世界文学（新潮文庫）	https://read.amazon.co.jp/?asin=B0FSC7H5N3
ゆうきまさみ初期作品集 early days(1)	https://read.amazon.co.jp/?asin=B00DI8TM6O
ゆうきまさみ初期作品集 early days(2)	https://read.amazon.co.jp/?asin=B00DI8TM7S
ライト、ついてますか　問題発見の人間学	https://read.amazon.co.jp/?asin=B09BDWRCXN
ライフ・レッスン	https://read.amazon.co.jp/?asin=B0DJ24KB7H
リアル人生ゲーム完全攻略本	https://read.amazon.co.jp/?asin=B0777H5F2R
リサーチの技法	https://read.amazon.co.jp/?asin=B07HMYV5LY
レタイトナイト1	https://read.amazon.co.jp/?asin=B0D23NS71H
ロードス島戦記 ファリスの聖女 電子版(下)	https://read.amazon.co.jp/?asin=B014ONWIYY
ロードス島戦記 ファリスの聖女 電子版(上)	https://read.amazon.co.jp/?asin=B014ONWJ20
ロマニ・コード: 謎の民族「ロマ」をめぐる冒険	https://read.amazon.co.jp/?asin=B0BFD6MB3B
わたしに会いたい	https://read.amazon.co.jp/?asin=B0CK85X2XN
わたしの外国語学習法	https://www.amazon.co.jp/dp/4480085432
悪い言語哲学入門	https://read.amazon.co.jp/?asin=B09SG9YXFB
暗闇のなかの希望　──語られない歴史、手つかずの可能性	https://read.amazon.co.jp/?asin=B0C3CKHJP9
意味がなければスイングはない	https://www.amazon.co.jp/dp/4163676007
異性愛という悲劇	https://read.amazon.co.jp/?asin=B0DN5F92MW
医学の歴史	https://read.amazon.co.jp/?asin=B016O8V20I
瓜を破る　１０巻	https://read.amazon.co.jp/?asin=B0D58TDY8T
瓜を破る　１１巻	https://read.amazon.co.jp/?asin=B0DPKLSK9R
瓜を破る　６巻	https://read.amazon.co.jp/?asin=B0BNBMT59D
瓜を破る　７巻	https://read.amazon.co.jp/?asin=B0C2HKXYLP
瓜を破る　８巻	https://read.amazon.co.jp/?asin=B0CFQ5RJ1L
瓜を破る　９巻	https://read.amazon.co.jp/?asin=B0CSDCBX89
汚れた手をそこで拭かない	https://read.amazon.co.jp/?asin=B0CM5XVJ7Q
暇と退屈の倫理学（新潮文庫）	https://read.amazon.co.jp/?asin=B09MT5GQC4
火山のふもとで（新潮文庫）	https://read.amazon.co.jp/?asin=B0DRB4KJVL
会社四季報 2025年3集 夏号	https://read.amazon.co.jp/?asin=B0F6C7KV8D
外の世界の話を聞かせて	https://www.amazon.co.jp/dp/4087700364
害虫の誕生　――虫からみた日本史	https://read.amazon.co.jp/?asin=B00LQ5KEI6
学園黙示録 HIGHSCHOOL OF THE DEAD FULL COLOR EDITION(1)	https://read.amazon.co.jp/?asin=B00A2FV106
学園黙示録 HIGHSCHOOL OF THE DEAD FULL COLOR EDITION(2)	https://read.amazon.co.jp/?asin=B00A2FV0TS
学園黙示録 HIGHSCHOOL OF THE DEAD FULL COLOR EDITION(3)	https://read.amazon.co.jp/?asin=B00A2FV11A
学園黙示録 HIGHSCHOOL OF THE DEAD FULL COLOR EDITION(4)	https://read.amazon.co.jp/?asin=B00A2FV13I
学園黙示録 HIGHSCHOOL OF THE DEAD FULL COLOR EDITION(5)	https://read.amazon.co.jp/?asin=B00EVNLKAQ
学園黙示録 HIGHSCHOOL OF THE DEAD FULL COLOR EDITION(6)	https://read.amazon.co.jp/?asin=B00EVNLKD8
学園黙示録 HIGHSCHOOL OF THE DEAD FULL COLOR EDITION(7)	https://read.amazon.co.jp/?asin=B00EVNLKLU
感情の問題地図～「で、どう整える？」ストレスだらけ、モヤモヤばかりの仕事の心理	https://read.amazon.co.jp/?asin=B07F8JJHHS
環と周	https://read.amazon.co.jp/?asin=B0CJRHJWCF
監督のクセから読み解く　名作映画解剖図鑑	https://read.amazon.co.jp/?asin=B0DBMBKTF8
眼の冒険 : デザインの道具箱	https://www.amazon.co.jp/dp/4314009829
吉本ばななが友だちの悩みについてこたえる	https://read.amazon.co.jp/?asin=B09HS43SLV
虚弱に生きる	https://read.amazon.co.jp/?asin=B0FWQNYLZ5
共感と距離感の練習	https://read.amazon.co.jp/?asin=B0CYKCKX3Y
強いビジネスパーソンを目指して鬱になった僕の 弱さ考	https://read.amazon.co.jp/?asin=B0DF5SZXNQ
句点。に気をつけろ～「自分の言葉」を見失ったあなたへ～	https://read.amazon.co.jp/?asin=B0CV7FN3BD
空間とメディア = space & media : 場所の記憶・移動・リアリティ	https://www.amazon.co.jp/dp/4779509076
決算書はここだけ読め！　キャッシュ・フロー計算書編	https://read.amazon.co.jp/?asin=B01LZ46KAW
見たことも聞いたこともない	https://www.amazon.co.jp/dp/4334974090
現代生活独習ノート	https://read.amazon.co.jp/?asin=B0F6MWMR9Z
言語が消滅する前に	https://read.amazon.co.jp/?asin=B09LYHJRHP
言語化するための小説思考	https://read.amazon.co.jp/?asin=B0FW3S33BX
言語表現の名手20人から学ぶことばの魔法	https://www.amazon.co.jp/dp/4046064099
孤独なボウリング : 米国コミュニティの崩壊と再生	https://www.amazon.co.jp/dp/4760129030
孤独の時間。	https://read.amazon.co.jp/?asin=B0FD9CRBPC
虎のたましい人魚の涙	https://read.amazon.co.jp/?asin=B0CYB1HQ65
幸せへのセンサー	https://read.amazon.co.jp/?asin=B0CZTKQ5GV
考察する若者たち	https://read.amazon.co.jp/?asin=B0FZH4RHFD
講談社選書メチエ　解説目録　２０２５年５月現在	https://read.amazon.co.jp/?asin=B0FBLQJ24R
香山哲のプロジェクト発酵記	https://read.amazon.co.jp/?asin=B0BK9GGG5J
今を生きる思想　ジョン・ロールズ　誰もが「生きづらくない社会」へ	https://read.amazon.co.jp/?asin=B0CZ9JJHVT
雑貨店とある　１巻	https://read.amazon.co.jp/?asin=B0856ZHBRD
傘のさし方がわからない【電子特典付】（文庫版）	https://read.amazon.co.jp/?asin=B0GQXTGNVQ
散歩の達人 2024年 10月号 [雑誌]	https://read.amazon.co.jp/?asin=B0DHKRC9X5
仕事と人生に効く教養としての映画	https://read.amazon.co.jp/?asin=B09B6QXRNN
仕事のモヤモヤに効くキャリアブレイクという選択肢　次決めずに辞めてもうまくいく人生戦略	https://read.amazon.co.jp/?asin=B0CRY7DDN9
使える哲学　私たちを駆り立てる五つの欲望はどこから来たのか	https://read.amazon.co.jp/?asin=B098NS5GPV
史上最強の人生戦略マニュアル	https://www.amazon.co.jp/dp/4877712399
私たちはどう学んでいるのか　――創発から見る認知の変化	https://read.amazon.co.jp/?asin=B0B3XD5HJB
自省のすすめ　――ひとりで考えるレッスン	https://read.amazon.co.jp/?asin=B0G1RGTP8T
自分と相手の「本音」がわかる会話術	https://read.amazon.co.jp/?asin=B0FKSZPV8L
自分や他人に振り回されないための感情リテラシー事典	https://read.amazon.co.jp/?asin=B0DKF3NH3D
自分疲れ: ココロとカラダのあいだ シリーズ「あいだで考える」	https://read.amazon.co.jp/?asin=B0C3LMG68G
自閉スペクトラム症　「発達障害」最新の理解と治療革命	https://read.amazon.co.jp/?asin=B08CXKPCG7
捨てる幸せ―――シンプルに、ラクに生きる「禅の教え」	https://read.amazon.co.jp/?asin=B01JADEBKW
弱いつながり　検索ワードを探す旅	https://read.amazon.co.jp/?asin=B01J7Q5LB0
週刊漫画ＴＩＭＥＳ　２０２５年８／１５号 [雑誌]	https://read.amazon.co.jp/?asin=B0FFGTW6TJ
週刊漫画ＴＩＭＥＳ　２０２６年４／１７・２４合併号 [雑誌]	https://read.amazon.co.jp/?asin=B0GPSRNP11
銃・病原菌・鉄　下巻	https://read.amazon.co.jp/?asin=B00DNMG8QC
銃・病原菌・鉄　上巻	https://read.amazon.co.jp/?asin=B00DNMG8Q2
職場で傷つく～リーダーのための「傷つき」から始める組織開発	https://read.amazon.co.jp/?asin=B0D9JDGRFW
新装版 世界の調律	https://read.amazon.co.jp/?asin=B09P89XVH9
新版　思考の整理学	https://read.amazon.co.jp/?asin=B0CVL6W4N7
深夜高速バスに100回ぐらい乗ってわかったこと	https://read.amazon.co.jp/?asin=B07ZV45X34
人間臨終図巻　１	https://read.amazon.co.jp/?asin=B00DAULFNI
人生のレールを外れる衝動のみつけかた	https://read.amazon.co.jp/?asin=B0D14372BM
人生をゆるめたら自分のことが好きになった	https://read.amazon.co.jp/?asin=B0BV5V26YZ
世界の食べもの――食の文化地理	https://read.amazon.co.jp/?asin=B01N1RGL6N
世界の適切な保存	https://read.amazon.co.jp/?asin=B0D9JXRNC8
性格診断ブームを問う 心理学からの警鐘	https://read.amazon.co.jp/?asin=B0F36BGSZL
成恵の世界(1)	https://read.amazon.co.jp/?asin=B0093G5UR0
成恵の世界(10)	https://read.amazon.co.jp/?asin=B0093G62OU
成恵の世界(11)	https://read.amazon.co.jp/?asin=B0093G63CG
成恵の世界(12)	https://read.amazon.co.jp/?asin=B0093G8URC
成恵の世界(13)	https://read.amazon.co.jp/?asin=B00CBPPEOY
成恵の世界(2)	https://read.amazon.co.jp/?asin=B0093G5V4W
成恵の世界(3)	https://read.amazon.co.jp/?asin=B0093G5VCO
成恵の世界(4)	https://read.amazon.co.jp/?asin=B0093G5VHO
成恵の世界(5)	https://read.amazon.co.jp/?asin=B0093G5VO2
成恵の世界(6)	https://read.amazon.co.jp/?asin=B0093G5VU6
成恵の世界(7)	https://read.amazon.co.jp/?asin=B0093G5VZQ
成恵の世界(8)	https://read.amazon.co.jp/?asin=B0093G60OM
成恵の世界(9)	https://read.amazon.co.jp/?asin=B0093G61PA
成人発達理論から考える成長疲労社会への処方箋	https://read.amazon.co.jp/?asin=B0C23WSDTL
正解のない雑談　言葉にできないモヤモヤとの付き合い方	https://read.amazon.co.jp/?asin=B0CYPDYYL8
生きることは頼ること　「自己責任」から「弱い責任」へ	https://read.amazon.co.jp/?asin=B0DCL7P36C
生殖記	https://read.amazon.co.jp/?asin=B0D86NGY6Q
禅とオートバイ修理技術 下	https://read.amazon.co.jp/?asin=B01DJ34YJC
禅とオートバイ修理技術 上	https://read.amazon.co.jp/?asin=B01DJ34YBK
相談する力――一人の限界を超えるビジネススキル	https://read.amazon.co.jp/?asin=B0CRYRZCBJ
総務部総務課　山口六平太（１）	https://read.amazon.co.jp/?asin=B00FJSBU9I
増補改訂版 スマホ時代の哲学 なぜ不安や退屈をスマホで埋めてしまうのか	https://read.amazon.co.jp/?asin=B0F2SJ9D2N
他者の靴を履く　アナーキック・エンパシーのすすめ	https://read.amazon.co.jp/?asin=B0D2R3WLNF
多文化社会と異文化コミュニケーション	https://www.amazon.co.jp/dp/4384018746
替えがきかない人材になるための専門性の身につけ方	https://read.amazon.co.jp/?asin=B0CC4Z44BS
大学4年間の社会学が10時間でざっと学べる	https://read.amazon.co.jp/?asin=B0BHL5BXF6
大人のための生物学の教科書　最新の知識を本質的に理解する	https://read.amazon.co.jp/?asin=B0CHRPM3Y2
第七話　マレーシアチュラティンでホタルをみよう！ 旅GIRL日記	https://read.amazon.co.jp/?asin=B0DCV7TFZ2
第六話　黒部アルペンルート 旅GIRL日記	https://read.amazon.co.jp/?asin=B0DC5D417G
脱税の世界史	https://read.amazon.co.jp/?asin=B0CSCNQ9P8
知性の罠　なぜインテリが愚行を犯すのか	https://read.amazon.co.jp/?asin=B0F323LYQ8
遅考術――じっくりトコトン考え抜くための「１０のレッスン」	https://read.amazon.co.jp/?asin=B0B718TCW5
筑摩書房　図書目録2025	https://read.amazon.co.jp/?asin=B0F4WJC3TT
超軽工業へ　インタラクションデザインを超えて	https://read.amazon.co.jp/?asin=B0DSPRHNGT
超訳 世阿弥 道を極める ディスカヴァークラシック文庫シリーズ	https://read.amazon.co.jp/?asin=B0D7BQJC2H
庭の話	https://read.amazon.co.jp/?asin=B0DPKCJN86
訂正可能性の哲学	https://read.amazon.co.jp/?asin=B0CHF1QM5D
哲学な日々　考えさせない時代に抗して	https://read.amazon.co.jp/?asin=B01851E0CE
天才たちのしくじり	https://read.amazon.co.jp/?asin=B0G2B7MHPG
電鉄は聖地をめざす　都市と鉄道の日本近代史	https://read.amazon.co.jp/?asin=B07QTK5JF7
努力の地図	https://read.amazon.co.jp/?asin=B0F8PNFMVK
怒りそしてミルクチャンの日々	https://www.amazon.co.jp/dp/4344002474
冬を越えて	https://www.amazon.co.jp/dp/4902800705
動きすぎてはいけない　ジル・ドゥルーズと生成変化の哲学	https://read.amazon.co.jp/?asin=B075JC5YZL
督促ＯＬ　修行日記	https://read.amazon.co.jp/?asin=B00UMLH76C
独学の思考法　地頭を鍛える「考える技術」	https://read.amazon.co.jp/?asin=B09TZZ4Z6B
独学大全――絶対に「学ぶこと」をあきらめたくない人のための５５の技法	https://read.amazon.co.jp/?asin=B08DR7YL5J
読楽2026年3月号	https://read.amazon.co.jp/?asin=B0GQ3MQ11V
日記の練習	https://read.amazon.co.jp/?asin=B0DBP3FRL6
日経業界地図　2025年版	https://read.amazon.co.jp/?asin=B0DF1HRMK4
日本全国、全部署回覧！ うちの職場がムリすぎる。	https://read.amazon.co.jp/?asin=B0BS12XQJM
能力で人を分けなくなる日: いのちと価値のあいだ シリーズ「あいだで考える」	https://read.amazon.co.jp/?asin=B0CXNPXHF6
波打ちぎわの物を探しに	https://read.amazon.co.jp/?asin=B0CSYWNC9Y
描いたマンガ集めたヤツ: 1巻	https://read.amazon.co.jp/?asin=B0CQLY9T3T
描いたマンガ集めたヤツ: 2巻	https://read.amazon.co.jp/?asin=B0CV9M1MT8
描いたマンガ集めたヤツ: 3巻	https://read.amazon.co.jp/?asin=B0CXLVJSK3
描いたマンガ集めたヤツ: 4巻	https://read.amazon.co.jp/?asin=B0D8Z9CFM2
描いたマンガ集めたヤツ: 5巻	https://read.amazon.co.jp/?asin=B0FM7N4RNK
風をとおすレッスン: 人と人のあいだ シリーズ「あいだで考える」	https://read.amazon.co.jp/?asin=B0CF4XRZNT
福翁自伝 02 福翁自伝	https://read.amazon.co.jp/?asin=B075DZZWGT
物語化批判の哲学　〈わたしの人生〉を遊びなおすために	https://read.amazon.co.jp/?asin=B0FGWZVX92
分類思考の世界　なぜヒトは万物を「種」に分けるのか	https://read.amazon.co.jp/?asin=B00E3N05FU
粉瘤息子都落ち択	https://read.amazon.co.jp/?asin=B0GL8D5CM5
文学理論の名著50	https://www.amazon.co.jp/dp/4582703712
平熱のまま、この世界に熱狂したい　増補新版	https://read.amazon.co.jp/?asin=B0DK4Y4CH2
歩くこと、または飼いならされずに詩的な人生を生きる術	https://read.amazon.co.jp/?asin=B0C9CBJDB4
抱え込む男たち　ケアで読み解く生きづらさの正体	https://read.amazon.co.jp/?asin=B0GR6RFT87
法の人類史　文明を形づくった世界の秩序４０００年	https://read.amazon.co.jp/?asin=B0DVYF2BQT
豊田章男が愛したテストドライバー	https://read.amazon.co.jp/?asin=B091GCBTJQ
本なら売るほど １	https://read.amazon.co.jp/?asin=B0DRC68N3V
本なら売るほど ２	https://read.amazon.co.jp/?asin=B0F375J9ZY
本屋の新井	https://read.amazon.co.jp/?asin=B09FJT2R7T
本業失格	https://read.amazon.co.jp/?asin=B00VE12VGK
魔法のリノベ ： 3	https://read.amazon.co.jp/?asin=B07BGX9X7J
万事快調〈オール・グリーンズ〉	https://read.amazon.co.jp/?asin=B0C6Q8JMD8
万能鑑定士Ｑの事件簿 I	https://read.amazon.co.jp/?asin=B00EQ2ZM92
万能鑑定士Ｑの事件簿 ＩＩ	https://read.amazon.co.jp/?asin=B00GD4GMEK
万能鑑定士Ｑの事件簿 III	https://read.amazon.co.jp/?asin=B00IZXB3HS
万能鑑定士Ｑの事件簿 ＩＶ	https://read.amazon.co.jp/?asin=B00KIG2Z9K
万能鑑定士Ｑの事件簿 ＩX	https://read.amazon.co.jp/?asin=B01MSLQJEY
万能鑑定士Ｑの事件簿 Ｖ	https://read.amazon.co.jp/?asin=B00P23YH7M
万能鑑定士Ｑの事件簿 ＶＩ	https://read.amazon.co.jp/?asin=B00VFE63Y2
万能鑑定士Ｑの事件簿 ＶＩＩ	https://read.amazon.co.jp/?asin=B015X4USPY
万能鑑定士Ｑの事件簿 VIII	https://read.amazon.co.jp/?asin=B01DIIQ9V4
万能鑑定士Ｑの事件簿 X	https://read.amazon.co.jp/?asin=B071CKC3L7
未来日記(1)	https://read.amazon.co.jp/?asin=B00932N1CK
未来日記(10)	https://read.amazon.co.jp/?asin=B00932PUTM
未来日記(11)	https://read.amazon.co.jp/?asin=B0093G5NO0
未来日記(12)	https://read.amazon.co.jp/?asin=B0093G5NRM
未来日記(2)	https://read.amazon.co.jp/?asin=B00932N1Q6
未来日記(3)	https://read.amazon.co.jp/?asin=B00932N1ZW
未来日記(4)	https://read.amazon.co.jp/?asin=B00932N2B0
未来日記(5)	https://read.amazon.co.jp/?asin=B00932N2HE
未来日記(6)	https://read.amazon.co.jp/?asin=B00932N2UG
未来日記(7)	https://read.amazon.co.jp/?asin=B00932PO34
未来日記(8)	https://read.amazon.co.jp/?asin=B00932PPYC
未来日記(9)	https://read.amazon.co.jp/?asin=B00932PQGE
無職、川、ブックオフ	https://read.amazon.co.jp/?asin=B0DPJRZW1L
木曜日にはココアを	https://read.amazon.co.jp/?asin=B0894S373S
目標という幻想　未知なる成果をもたらす、〈オープンエンド〉なアプローチ	https://read.amazon.co.jp/?asin=B0FHBBX24W
問いの編集力 思考の「はじまり」を探究する	https://read.amazon.co.jp/?asin=B0DD3DVGB4
問題解決大全	https://read.amazon.co.jp/?asin=B078GNFFYT
友達だった人 絹田みや作品集	https://read.amazon.co.jp/?asin=B0FXHY8BMK
有閑倶楽部 1	https://read.amazon.co.jp/?asin=B00DUCO4M0
有閑倶楽部 10	https://read.amazon.co.jp/?asin=B00DUCO4P2
有閑倶楽部 11	https://read.amazon.co.jp/?asin=B00DUCO55Q
有閑倶楽部 12	https://read.amazon.co.jp/?asin=B00DUCO588
有閑倶楽部 13	https://read.amazon.co.jp/?asin=B00DUCO5ME
有閑倶楽部 14	https://read.amazon.co.jp/?asin=B00DUCO5NS
有閑倶楽部 15	https://read.amazon.co.jp/?asin=B00DUCO5OC
有閑倶楽部 16	https://read.amazon.co.jp/?asin=B00DUCO5PQ
有閑倶楽部 17	https://read.amazon.co.jp/?asin=B00DUCO5QA
有閑倶楽部 18	https://read.amazon.co.jp/?asin=B00DUCO5TC
有閑倶楽部 19	https://read.amazon.co.jp/?asin=B00DUCO5U6
有閑倶楽部 2	https://read.amazon.co.jp/?asin=B00DUCO4PW
有閑倶楽部 3	https://read.amazon.co.jp/?asin=B00DUCO51U
有閑倶楽部 4	https://read.amazon.co.jp/?asin=B00DUCO4MA
有閑倶楽部 5	https://read.amazon.co.jp/?asin=B00DUCO4LQ
有閑倶楽部 6	https://read.amazon.co.jp/?asin=B00DUCO4NY
有閑倶楽部 7	https://read.amazon.co.jp/?asin=B00DUCO4L6
有閑倶楽部 8	https://read.amazon.co.jp/?asin=B00DUCO4MK
有閑倶楽部 9	https://read.amazon.co.jp/?asin=B00DUCO4MU
遊びと人間	https://read.amazon.co.jp/?asin=B09MQ8FY4J
利他・ケア・傷の倫理学	https://read.amazon.co.jp/?asin=B0CY2GVPR7
旅行の進化論 青弓社ライブラリー	https://read.amazon.co.jp/?asin=B08Z7NHMDD
令和反逆六法	https://read.amazon.co.jp/?asin=B0G6BL4N9V
老人ホームで死ぬほどモテたい 新鋭短歌シリーズ	https://read.amazon.co.jp/?asin=B0BBLMCCW2